{"cameraMode":{"drawMode":0,"name":"Shaded","section":"Shading Mode"},"sceneLighting":false,"audioPlay":false,"sceneViewState":{"m_AlwaysRefresh":false,"showFog":true,"showSkybox":false,"showFlares":true,"showImageEffects":true,"showParticleSystems":true,"showVisualEffectGraphs":true,"m_FxEnabled":true},"in2DMode":false,"pivot":{"x":3.9637234210968019,"y":0.7524018287658691,"z":9.890000343322754},"rotation":{"x":0.23014239966869355,"y":-0.6879127025604248,"z":0.24629013240337373,"w":0.6427943706512451},"size":0.5196152925491333,"orthographic":false}