{"cameraMode":{"drawMode":0,"name":"Shaded","section":"Shading Mode"},"sceneLighting":true,"audioPlay":false,"sceneViewState":{"m_AlwaysRefresh":false,"showFog":true,"showSkybox":true,"showFlares":true,"showImageEffects":true,"showParticleSystems":true,"showVisualEffectGraphs":true,"m_FxEnabled":true},"in2DMode":false,"pivot":{"x":-1.6100000143051148,"y":-1.7303471565246583,"z":2.5899999141693117},"rotation":{"x":0.3846248686313629,"y":-0.00553850969299674,"z":0.0023097251541912557,"w":0.9230778217315674},"size":17.082557678222658,"orthographic":false}